time,Cache:adminBytes,Cache:cacheTotalBytes,Cache:dataAdminBytes,Cache:dataBytes,Cache:lockBytes,Cache:nBINDeltasFetchMiss,Cache:nBINsFetch,Cache:nBINsFetchMiss,Cache:nBINsFetchMissRatio,Cache:nBinDeltaBlindOps,Cache:nBytesEvictedCACHEMODE,Cache:nBytesEvictedCRITICAL,Cache:nBytesEvictedDAEMON,Cache:nBytesEvictedEVICTORTHREAD,Cache:nBytesEvictedMANUAL,Cache:nCachedBINDeltas,Cache:nCachedBINs,Cache:nCachedUpperINs,Cache:nEvictionRuns,Cache:nFullBINsMiss,Cache:nINCompactKey,Cache:nINNoTarget,Cache:nINSparseTarget,Cache:nLNsEvicted,Cache:nLNsFetch,Cache:nLNsFetchMiss,Cache:nNodesEvicted,Cache:nNodesMovedToDirtyLRU,Cache:nNodesMutated,Cache:nNodesPutBack,Cache:nNodesSkipped,Cache:nNodesStripped,Cache:nNodesTargeted,Cache:nRootNodesEvicted,Cache:nSharedCacheEnvironments,Cache:nThreadUnavailable,Cache:nUpperINsFetch,Cache:nUpperINsFetchMiss,Cache:sharedCacheTotalBytes,Checkpoints:lastCheckpointEnd,Checkpoints:lastCheckpointId,Checkpoints:lastCheckpointInterval,Checkpoints:lastCheckpointStart,Checkpoints:nCheckpoints,Checkpoints:nDeltaINFlush,Checkpoints:nFullBINFlush,Checkpoints:nFullINFlush,Cleaning:cleanerBackLog,Cleaning:fileDeletionBacklog,Cleaning:lastKnownUtilization,Cleaning:lnSizeCorrectionFactor,Cleaning:nBINDeltasCleaned,Cleaning:nBINDeltasDead,Cleaning:nBINDeltasMigrated,Cleaning:nBINDeltasObsolete,Cleaning:nCleanerDeletions,Cleaning:nCleanerEntriesRead,Cleaning:nCleanerProbeRuns,Cleaning:nCleanerRuns,Cleaning:nClusterLNsProcessed,Cleaning:nINsCleaned,Cleaning:nINsDead,Cleaning:nINsMigrated,Cleaning:nINsObsolete,Cleaning:nLNQueueHits,Cleaning:nLNsCleaned,Cleaning:nLNsDead,Cleaning:nLNsLocked,Cleaning:nLNsMarked,Cleaning:nLNsMigrated,Cleaning:nLNsObsolete,Cleaning:nMarkLNsProcessed,Cleaning:nPendingLNsLocked,Cleaning:nPendingLNsProcessed,Cleaning:nRepeatIteratorReads,Cleaning:nToBeCleanedLNsProcessed,Cleaning:pendingLNQueueSize,Cleaning:totalLogSize,Environment:btreeRelatchesRequired,Environment:environmentCreationTime,I/O:bufferBytes,I/O:endOfLog,I/O:nBytesReadFromWriteQueue,I/O:nBytesWrittenFromWriteQueue,I/O:nCacheMiss,I/O:nFSyncRequests,I/O:nFSyncTime,I/O:nFSyncs,I/O:nFileOpens,I/O:nGroupCommitRequests,I/O:nGroupCommitWaits,I/O:nGrpCommitTimeouts,I/O:nLogBuffers,I/O:nLogFSyncs,I/O:nLogIntervalExceeded,I/O:nLogMaxGroupCommitThreshold,I/O:nNoFreeBuffer,I/O:nNotResident,I/O:nOpenFiles,I/O:nRandomReadBytes,I/O:nRandomReads,I/O:nRandomWriteBytes,I/O:nRandomWrites,I/O:nReadsFromWriteQueue,I/O:nRepeatFaultReads,I/O:nSequentialReadBytes,I/O:nSequentialReads,I/O:nSequentialWriteBytes,I/O:nSequentialWrites,I/O:nTempBufferWrites,I/O:nWriteQueueOverflow,I/O:nWriteQueueOverflowFailures,I/O:nWritesFromWriteQueue,Jvm:PS MarkSweep.count,Jvm:PS MarkSweep.time,Jvm:PS Scavenge.count,Jvm:PS Scavenge.time,Jvm:heap,Jvm:loadAverage,Locks:nLatchAcquireNoWaitUnsuccessful,Locks:nLatchAcquiresNoWaitSuccessful,Locks:nLatchAcquiresNoWaiters,Locks:nLatchAcquiresSelfOwned,Locks:nLatchAcquiresWithContention,Locks:nLatchReleases,Locks:nRequests,Locks:nWaits,Node Compression:cursorsBins,Node Compression:dbClosedBins,Node Compression:inCompQueueSize,Node Compression:nonEmptyBins,Node Compression:processedBins,Node Compression:splitBins,Op:cursorDelete,Op:cursorGetCurrent,Op:cursorGetFirst,Op:cursorGetLast,Op:cursorGetNext,Op:cursorGetNextDup,Op:cursorGetNextNoDup,Op:cursorGetPrev,Op:cursorGetPrevDup,Op:cursorGetPrevNoDup,Op:cursorPut,Op:cursorPutCurrent,Op:cursorPutNoDupData,Op:cursorPutNoOverwrite,Op:dbDelete,Op:dbGet,Op:dbGetSearchBoth,Op:dbPut,Op:dbPutNoDupData,Op:dbPutNoOverWrite,Op:dbRemoveSequence,Op:dosCursorGetNext,Op:secondaryCursorDelete,Op:secondaryCursorGetCurrent,Op:secondaryCursorGetFirst,Op:secondaryCursorGetLast,Op:secondaryCursorGetNext,Op:secondaryCursorGetNextDup,Op:secondaryCursorGetNextNoDup,Op:secondaryCursorGetPrev,Op:secondaryCursorGetPrevDup,Op:secondaryCursorGetPrevNoDup,Op:secondaryDbDelete,Op:secondaryDbGet,Op:secondaryDbGetSearchBoth
2014-10-26 17:31:04.221 UTC,125,3157117,696,11264,0,0,0,0,0.0,0,0,0,0,0,0,0,3,3,0,0,0,1,5,0,0,0,0,0,0,0,0,0,0,0,0,0,0,0,0,945,1,369,369,1,0,2,4,0,0,46,NaN,0,0,0,0,0,0,0,0,0,0,0,0,0,0,0,0,0,0,0,0,0,0,0,0,0,0,0,0,1414344664104,3145728,0,0,0,0,2,99,2,2,2,0,0,3,3,0,0,0,0,0,0,0,38,1,0,0,2048,1,956,2,0,0,0,0,0,0,1,19,46217296,0,0,0,0,0,0,0,3,0,0,0,0,0,0,0,0,0,0,0,0,0,0,0,0,0,0,0,0,0,0,0,0,0,0,0,0,0,0,0,0,0,0,0,0,0,0,0,0,0,0
2014-10-26 17:31:15.031 UTC,589,3245333,3160,99016,0,0,1251,0,0.0,0,0,0,0,0,0,0,7,7,0,0,0,1,8,0,1006,0,0,0,0,0,0,0,0,0,0,0,0,0,0,945,1,369,369,0,0,0,0,0,0,46,NaN,0,0,0,0,0,0,0,0,0,0,0,0,0,0,0,0,0,0,0,0,0,0,0,0,0,0,0,0,1414344664104,3145728,0,0,0,0,81,4074,81,2,81,0,0,3,81,0,0,0,0,0,0,0,0,0,0,0,4096,2,83441,81,0,0,0,0,0,0,8,94,82601640,0,0,0,0,0,0,0,1311,0,0,0,0,0,0,0,0,0,0,0,39,0,0,0,0,0,0,0,0,0,27,1092,0,18,0,120,0,0,0,0,0,0,0,0,0,0,0,0,0,0,0
2014-10-26 17:32:13.732 UTC,125,3162541,1624,16688,0,0,23,3,0.13043478,0,0,0,0,0,0,0,3,3,2,0,2,1,4,0,16,7,0,0,0,0,0,0,0,0,0,0,0,0,0,99775,2,0,84528,0,0,0,0,0,0,65,NaN,0,0,0,0,0,0,0,0,0,0,0,0,0,0,0,0,0,0,0,0,0,0,0,0,0,0,0,0,1414344733700,3145728,0,0,0,15,0,0,0,2,0,0,0,3,0,0,0,0,15,0,2048,1,0,0,0,0,270336,45,0,0,0,0,0,0,0,0,1,18,48020128,0,0,0,0,0,0,0,14,0,0,0,0,0,0,0,0,0,0,0,0,0,0,0,0,0,0,0,0,0,0,0,0,0,0,0,0,0,0,0,0,0,0,0,0,0,0,0,0,0,0
2014-10-26 17:32:18.802 UTC,125,3186269,1752,40416,0,0,200,3,0.015,0,0,0,0,0,0,0,6,6,0,0,2,1,8,0,230,28,0,0,0,0,0,0,0,0,0,0,0,0,0,99775,2,0,84528,0,0,0,0,0,0,65,NaN,0,0,0,0,0,0,0,0,0,0,0,0,0,0,0,0,0,0,0,0,0,0,0,0,0,0,0,0,1414344733700,3145728,0,0,0,34,0,0,0,1,0,0,0,3,0,0,0,0,34,1,0,0,0,0,0,1,74551,36,0,0,0,0,0,0,0,0,4,51,82357272,0,0,0,0,0,0,0,239,0,0,0,0,0,0,0,0,0,0,0,39,0,0,0,0,0,0,0,0,0,0,188,0,0,0,0,0,0,0,0,0,0,0,0,0,0,0,0,0,0,0
2014-10-26 17:33:50.622 UTC,125,3162541,1624,16688,0,0,23,3,0.13043478,0,0,0,0,0,0,0,3,3,2,0,2,1,4,0,16,7,0,0,0,0,0,0,0,0,0,0,0,0,0,99775,2,0,84528,0,0,0,0,0,0,65,NaN,0,0,0,0,0,0,0,0,0,0,0,0,0,0,0,0,0,0,0,0,0,0,0,0,0,0,0,0,1414344830589,3145728,0,0,0,15,0,0,0,2,0,0,0,3,0,0,0,0,15,0,2048,1,0,0,0,0,270336,45,0,0,0,0,0,0,0,0,1,17,35701376,0,0,0,0,0,0,0,14,0,0,0,0,0,0,0,0,0,0,0,0,0,0,0,0,0,0,0,0,0,0,0,0,0,0,0,0,0,0,0,0,0,0,0,0,0,0,0,0,0,0
2014-10-26 17:33:55.051 UTC,125,3186269,1752,40416,0,0,200,3,0.015,0,0,0,0,0,0,0,6,6,0,0,2,1,8,0,230,28,0,0,0,0,0,0,0,0,0,0,0,0,0,99775,2,0,84528,0,0,0,0,0,0,65,NaN,0,0,0,0,0,0,0,0,0,0,0,0,0,0,0,0,0,0,0,0,0,0,0,0,0,0,0,0,1414344830589,3145728,0,0,0,34,0,0,0,1,0,0,0,3,0,0,0,0,34,1,0,0,0,0,0,1,74551,36,0,0,0,0,0,0,0,0,4,52,72558064,0,0,0,0,0,0,0,239,0,0,0,0,0,0,0,0,0,0,0,39,0,0,0,0,0,0,0,0,0,0,188,0,0,0,0,0,0,0,0,0,0,0,0,0,0,0,0,0,0,0
2014-10-26 17:39:05.436 UTC,125,3162541,1624,16688,0,0,23,3,0.13043478,0,0,0,0,0,0,0,3,3,2,0,2,1,4,0,16,7,0,0,0,0,0,0,0,0,0,0,0,0,0,99775,2,0,84528,0,0,0,0,0,0,65,NaN,0,0,0,0,0,0,0,0,0,0,0,0,0,0,0,0,0,0,0,0,0,0,0,0,0,0,0,0,1414345145403,3145728,0,0,0,15,0,0,0,2,0,0,0,3,0,0,0,0,15,0,2048,1,0,0,0,0,270336,45,0,0,0,0,0,0,0,0,1,23,51572480,0,0,0,0,0,0,0,14,0,0,0,0,0,0,0,0,0,0,0,0,0,0,0,0,0,0,0,0,0,0,0,0,0,0,0,0,0,0,0,0,0,0,0,0,0,0,0,0,0,0
2014-10-26 17:39:11.323 UTC,125,3178333,1752,32480,0,0,68,2,0.029411765,0,0,0,0,0,0,0,5,5,0,0,2,1,7,0,68,26,0,0,0,0,0,0,0,0,0,0,0,0,0,99775,2,0,84528,0,0,0,0,0,0,65,NaN,0,0,0,0,0,0,0,0,0,0,0,0,0,0,0,0,0,0,0,0,0,0,0,0,0,0,0,0,1414345145403,3145728,0,0,0,30,0,0,0,1,0,0,0,3,0,0,0,0,30,1,0,0,0,0,0,0,63488,31,0,0,0,0,0,0,0,0,1,22,54910168,0,0,0,0,0,0,0,72,0,0,0,0,0,0,0,0,0,0,0,1,0,0,0,0,0,0,0,0,0,0,62,0,0,0,0,0,0,0,0,0,0,0,0,0,0,0,0,0,0,0
2014-10-26 17:43:38.122 UTC,125,3162541,1624,16688,0,0,23,3,0.13043478,0,0,0,0,0,0,0,3,3,2,0,2,1,4,0,16,7,0,0,0,0,0,0,0,0,0,0,0,0,0,99775,2,0,84528,0,0,0,0,0,0,65,NaN,0,0,0,0,0,0,0,0,0,0,0,0,0,0,0,0,0,0,0,0,0,0,0,0,0,0,0,0,1414345418085,3145728,0,0,0,15,0,0,0,2,0,0,0,3,0,0,0,0,15,0,2048,1,0,0,0,0,270336,45,0,0,0,0,0,0,0,0,1,21,47986208,0,0,0,0,0,0,0,14,0,0,0,0,0,0,0,0,0,0,0,0,0,0,0,0,0,0,0,0,0,0,0,0,0,0,0,0,0,0,0,0,0,0,0,0,0,0,0,0,0,0
2014-10-26 17:43:42.373 UTC,125,3186269,1752,40416,0,0,200,3,0.015,0,0,0,0,0,0,0,6,6,0,0,2,1,8,0,230,28,0,0,0,0,0,0,0,0,0,0,0,0,0,99775,2,0,84528,0,0,0,0,0,0,65,NaN,0,0,0,0,0,0,0,0,0,0,0,0,0,0,0,0,0,0,0,0,0,0,0,0,0,0,0,0,1414345418085,3145728,0,0,0,34,0,0,0,1,0,0,0,3,0,0,0,0,34,1,0,0,0,0,0,1,74551,36,0,0,0,0,0,0,0,0,4,61,157391568,0,0,0,0,0,0,0,239,0,0,0,0,0,0,0,0,0,0,0,39,0,0,0,0,0,0,0,0,0,0,188,0,0,0,0,0,0,0,0,0,0,0,0,0,0,0,0,0,0,0
2014-10-26 17:45:19.850 UTC,125,3162541,1624,16688,0,0,23,3,0.13043478,0,0,0,0,0,0,0,3,3,2,0,2,1,4,0,16,7,0,0,0,0,0,0,0,0,0,0,0,0,0,99775,2,0,84528,0,0,0,0,0,0,65,NaN,0,0,0,0,0,0,0,0,0,0,0,0,0,0,0,0,0,0,0,0,0,0,0,0,0,0,0,0,1414345519818,3145728,0,0,0,15,0,0,0,2,0,0,0,3,0,0,0,0,15,0,2048,1,0,0,0,0,270336,45,0,0,0,0,0,0,0,0,1,16,51607200,0,0,0,0,0,0,0,14,0,0,0,0,0,0,0,0,0,0,0,0,0,0,0,0,0,0,0,0,0,0,0,0,0,0,0,0,0,0,0,0,0,0,0,0,0,0,0,0,0,0
2014-10-26 17:45:27.189 UTC,125,3186269,1752,40416,0,0,200,3,0.015,0,0,0,0,0,0,0,6,6,0,0,2,1,8,0,230,28,0,0,0,0,0,0,0,0,0,0,0,0,0,99775,2,0,84528,0,0,0,0,0,0,65,NaN,0,0,0,0,0,0,0,0,0,0,0,0,0,0,0,0,0,0,0,0,0,0,0,0,0,0,0,0,1414345519818,3145728,0,0,0,34,0,0,0,1,0,0,0,3,0,0,0,0,34,1,0,0,0,0,0,1,74551,36,0,0,0,0,0,0,0,0,4,67,85415120,0,0,0,0,0,0,0,239,0,0,0,0,0,0,0,0,0,0,0,39,0,0,0,0,0,0,0,0,0,0,188,0,0,0,0,0,0,0,0,0,0,0,0,0,0,0,0,0,0,0
2014-10-26 17:50:25.320 UTC,125,3162541,1624,16688,0,0,23,3,0.13043478,0,0,0,0,0,0,0,3,3,2,0,2,1,4,0,16,7,0,0,0,0,0,0,0,0,0,0,0,0,0,99775,2,0,84528,0,0,0,0,0,0,65,NaN,0,0,0,0,0,0,0,0,0,0,0,0,0,0,0,0,0,0,0,0,0,0,0,0,0,0,0,0,1414345825288,3145728,0,0,0,15,0,0,0,2,0,0,0,3,0,0,0,0,15,0,2048,1,0,0,0,0,270336,45,0,0,0,0,0,0,0,0,1,18,47985400,0,0,0,0,0,0,0,14,0,0,0,0,0,0,0,0,0,0,0,0,0,0,0,0,0,0,0,0,0,0,0,0,0,0,0,0,0,0,0,0,0,0,0,0,0,0,0,0,0,0
2014-10-26 17:50:32.391 UTC,125,3186269,1752,40416,0,0,200,3,0.015,0,0,0,0,0,0,0,6,6,0,0,2,1,8,0,230,28,0,0,0,0,0,0,0,0,0,0,0,0,0,99775,2,0,84528,0,0,0,0,0,0,65,NaN,0,0,0,0,0,0,0,0,0,0,0,0,0,0,0,0,0,0,0,0,0,0,0,0,0,0,0,0,1414345825288,3145728,0,0,0,34,0,0,0,1,0,0,0,3,0,0,0,0,34,1,0,0,0,0,0,1,74551,36,0,0,0,0,0,0,0,0,6,82,91623080,0,0,0,0,0,0,0,239,0,0,0,0,0,0,0,0,0,0,0,39,0,0,0,0,0,0,0,0,0,0,188,0,0,0,0,0,0,0,0,0,0,0,0,0,0,0,0,0,0,0
2014-10-26 17:52:41.208 UTC,125,3162541,1624,16688,0,0,23,3,0.13043478,0,0,0,0,0,0,0,3,3,2,0,2,1,4,0,16,7,0,0,0,0,0,0,0,0,0,0,0,0,0,99775,2,0,84528,0,0,0,0,0,0,65,NaN,0,0,0,0,0,0,0,0,0,0,0,0,0,0,0,0,0,0,0,0,0,0,0,0,0,0,0,0,1414345961175,3145728,0,0,0,15,0,0,0,2,0,0,0,3,0,0,0,0,15,0,2048,1,0,0,0,0,270336,45,0,0,0,0,0,0,0,0,1,23,48045280,0,0,0,0,0,0,0,14,0,0,0,0,0,0,0,0,0,0,0,0,0,0,0,0,0,0,0,0,0,0,0,0,0,0,0,0,0,0,0,0,0,0,0,0,0,0,0,0,0,0
2014-10-26 17:52:45.865 UTC,125,3186269,1752,40416,0,0,200,3,0.015,0,0,0,0,0,0,0,6,6,0,0,2,1,8,0,230,28,0,0,0,0,0,0,0,0,0,0,0,0,0,99775,2,0,84528,0,0,0,0,0,0,65,NaN,0,0,0,0,0,0,0,0,0,0,0,0,0,0,0,0,0,0,0,0,0,0,0,0,0,0,0,0,1414345961175,3145728,0,0,0,34,0,0,0,1,0,0,0,3,0,0,0,0,34,1,0,0,0,0,0,1,74551,36,0,0,0,0,0,0,0,0,3,43,85811104,0,0,0,0,0,0,0,239,0,0,0,0,0,0,0,0,0,0,0,39,0,0,0,0,0,0,0,0,0,0,188,0,0,0,0,0,0,0,0,0,0,0,0,0,0,0,0,0,0,0
2014-10-26 17:53:53.572 UTC,125,3162541,1624,16688,0,0,23,3,0.13043478,0,0,0,0,0,0,0,3,3,2,0,2,1,4,0,16,7,0,0,0,0,0,0,0,0,0,0,0,0,0,99775,2,0,84528,0,0,0,0,0,0,65,NaN,0,0,0,0,0,0,0,0,0,0,0,0,0,0,0,0,0,0,0,0,0,0,0,0,0,0,0,0,1414346033540,3145728,0,0,0,15,0,0,0,2,0,0,0,3,0,0,0,0,15,0,2048,1,0,0,0,0,270336,45,0,0,0,0,0,0,0,0,1,16,47946848,0,0,0,0,0,0,0,14,0,0,0,0,0,0,0,0,0,0,0,0,0,0,0,0,0,0,0,0,0,0,0,0,0,0,0,0,0,0,0,0,0,0,0,0,0,0,0,0,0,0
2014-10-26 17:53:57.967 UTC,125,3186269,1752,40416,0,0,200,3,0.015,0,0,0,0,0,0,0,6,6,0,0,2,1,8,0,230,28,0,0,0,0,0,0,0,0,0,0,0,0,0,99775,2,0,84528,0,0,0,0,0,0,65,NaN,0,0,0,0,0,0,0,0,0,0,0,0,0,0,0,0,0,0,0,0,0,0,0,0,0,0,0,0,1414346033540,3145728,0,0,0,34,0,0,0,1,0,0,0,3,0,0,0,0,34,1,0,0,0,0,0,1,74551,36,0,0,0,0,0,0,0,0,6,78,92305960,0,0,0,0,0,0,0,239,0,0,0,0,0,0,0,0,0,0,0,39,0,0,0,0,0,0,0,0,0,0,188,0,0,0,0,0,0,0,0,0,0,0,0,0,0,0,0,0,0,0
2014-10-26 17:58:46.070 UTC,125,3162541,1624,16688,0,0,23,3,0.13043478,0,0,0,0,0,0,0,3,3,2,0,2,1,4,0,16,7,0,0,0,0,0,0,0,0,0,0,0,0,0,99775,2,0,84528,0,0,0,0,0,0,65,NaN,0,0,0,0,0,0,0,0,0,0,0,0,0,0,0,0,0,0,0,0,0,0,0,0,0,0,0,0,1414346326037,3145728,0,0,0,15,0,0,0,2,0,0,0,3,0,0,0,0,15,0,2048,1,0,0,0,0,270336,45,0,0,0,0,0,0,0,0,1,18,47970840,0,0,0,0,0,0,0,14,0,0,0,0,0,0,0,0,0,0,0,0,0,0,0,0,0,0,0,0,0,0,0,0,0,0,0,0,0,0,0,0,0,0,0,0,0,0,0,0,0,0
2014-10-26 17:58:51.331 UTC,125,3186269,1752,40416,0,0,200,3,0.015,0,0,0,0,0,0,0,6,6,0,0,2,1,8,0,230,28,0,0,0,0,0,0,0,0,0,0,0,0,0,99775,2,0,84528,0,0,0,0,0,0,65,NaN,0,0,0,0,0,0,0,0,0,0,0,0,0,0,0,0,0,0,0,0,0,0,0,0,0,0,0,0,1414346326037,3145728,0,0,0,34,0,0,0,1,0,0,0,3,0,0,0,0,34,1,0,0,0,0,0,1,74551,36,0,0,0,0,0,0,0,0,4,50,79806944,0,0,0,0,0,0,0,239,0,0,0,0,0,0,0,0,0,0,0,39,0,0,0,0,0,0,0,0,0,0,188,0,0,0,0,0,0,0,0,0,0,0,0,0,0,0,0,0,0,0
2014-10-26 17:59:53.033 UTC,125,3162541,1624,16688,0,0,23,3,0.13043478,0,0,0,0,0,0,0,3,3,2,0,2,1,4,0,16,7,0,0,0,0,0,0,0,0,0,0,0,0,0,99775,2,0,84528,0,0,0,0,0,0,65,NaN,0,0,0,0,0,0,0,0,0,0,0,0,0,0,0,0,0,0,0,0,0,0,0,0,0,0,0,0,1414346392999,3145728,0,0,0,15,0,0,0,2,0,0,0,3,0,0,0,0,15,0,2048,1,0,0,0,0,270336,45,0,0,0,0,0,0,0,0,1,13,40358808,0,0,0,0,0,0,0,14,0,0,0,0,0,0,0,0,0,0,0,0,0,0,0,0,0,0,0,0,0,0,0,0,0,0,0,0,0,0,0,0,0,0,0,0,0,0,0,0,0,0
2014-10-26 17:59:58.323 UTC,125,3186269,1752,40416,0,0,200,3,0.015,0,0,0,0,0,0,0,6,6,0,0,2,1,8,0,230,28,0,0,0,0,0,0,0,0,0,0,0,0,0,99775,2,0,84528,0,0,0,0,0,0,65,NaN,0,0,0,0,0,0,0,0,0,0,0,0,0,0,0,0,0,0,0,0,0,0,0,0,0,0,0,0,1414346392999,3145728,0,0,0,34,0,0,0,1,0,0,0,3,0,0,0,0,34,1,0,0,0,0,0,1,74551,36,0,0,0,0,0,0,0,0,6,76,88391856,0,0,0,0,0,0,0,239,0,0,0,0,0,0,0,0,0,0,0,39,0,0,0,0,0,0,0,0,0,0,188,0,0,0,0,0,0,0,0,0,0,0,0,0,0,0,0,0,0,0
2014-10-26 18:01:19.825 UTC,125,3162541,1624,16688,0,0,23,3,0.13043478,0,0,0,0,0,0,0,3,3,2,0,2,1,4,0,16,7,0,0,0,0,0,0,0,0,0,0,0,0,0,99775,2,0,84528,0,0,0,0,0,0,65,NaN,0,0,0,0,0,0,0,0,0,0,0,0,0,0,0,0,0,0,0,0,0,0,0,0,0,0,0,0,1414346479792,3145728,0,0,0,15,0,0,0,2,0,0,0,3,0,0,0,0,15,0,2048,1,0,0,0,0,270336,45,0,0,0,0,0,0,0,0,1,31,51204016,0,0,0,0,0,0,0,14,0,0,0,0,0,0,0,0,0,0,0,0,0,0,0,0,0,0,0,0,0,0,0,0,0,0,0,0,0,0,0,0,0,0,0,0,0,0,0,0,0,0
2014-10-26 18:01:57.357 UTC,589,3261029,4192,114712,0,0,1385,3,0.002166065,0,0,0,0,0,0,0,11,11,0,0,2,1,16,0,1910,66,0,0,0,0,0,0,0,0,0,0,0,0,0,99775,2,0,84528,0,0,0,0,0,0,63,NaN,0,0,0,0,0,0,0,0,0,0,0,0,0,0,0,0,0,0,0,0,0,0,0,0,0,0,0,0,1414346479792,3145728,0,0,0,72,27,1923,27,3,27,0,0,3,41,0,0,0,72,1,0,0,0,0,0,1,156471,76,40151,41,0,0,0,0,0,0,8,107,88125168,0,0,0,0,0,0,0,1814,0,0,0,0,0,0,0,9,0,0,0,331,0,0,0,0,0,0,0,0,0,0,1073,0,28,0,41,0,0,0,0,0,0,0,0,0,0,0,0,0,0,0
2014-10-26 18:02:07.979 UTC,125,3165509,2088,19656,0,0,29,3,0.10344828,0,0,0,0,0,0,0,3,3,2,0,2,1,4,0,20,9,0,0,0,0,0,0,0,0,0,0,0,0,0,149648,3,0,140071,0,0,0,0,0,0,59,NaN,0,0,0,0,0,0,0,0,0,0,0,0,0,0,0,0,0,0,0,0,0,0,0,0,0,0,0,0,1414346527941,3145728,0,0,0,17,0,0,0,2,0,0,0,3,0,0,0,0,17,0,2048,1,0,0,0,0,290816,49,0,0,0,0,0,0,0,0,1,19,48023040,0,0,0,0,0,0,0,18,0,0,0,0,0,0,0,0,0,0,0,0,0,0,0,0,0,0,0,0,0,0,0,0,0,0,0,0,0,0,0,0,0,0,0,0,0,0,0,0,0,0
2014-10-26 18:02:18.117 UTC,589,3235405,2808,89088,0,0,618,7,0.011326861,0,0,0,0,0,0,0,10,10,0,0,2,1,15,0,710,85,0,0,0,0,0,0,0,0,0,0,0,0,0,149648,3,0,140071,0,0,0,0,0,0,59,NaN,0,0,0,0,0,0,0,0,0,0,0,0,0,0,0,0,0,0,0,0,0,0,0,0,0,0,0,0,1414346527941,3145728,0,0,0,99,8,321,8,3,8,0,0,3,8,0,0,0,99,1,0,0,0,0,0,1,211767,103,4716,8,0,0,0,0,0,0,4,54,89923464,0,0,0,0,0,0,0,779,0,0,0,0,0,0,0,8,0,0,0,168,0,0,0,0,0,0,0,0,0,0,544,0,0,0,8,0,0,0,0,0,0,0,0,0,0,0,0,0,0,0
