time,Cache:adminBytes,Cache:cacheTotalBytes,Cache:dataAdminBytes,Cache:dataBytes,Cache:lockBytes,Cache:nBINDeltasFetchMiss,Cache:nBINsFetch,Cache:nBINsFetchMiss,Cache:nBINsFetchMissRatio,Cache:nBinDeltaBlindOps,Cache:nBytesEvictedCACHEMODE,Cache:nBytesEvictedCRITICAL,Cache:nBytesEvictedDAEMON,Cache:nBytesEvictedEVICTORTHREAD,Cache:nBytesEvictedMANUAL,Cache:nCachedBINDeltas,Cache:nCachedBINs,Cache:nCachedUpperINs,Cache:nEvictionRuns,Cache:nFullBINsMiss,Cache:nINCompactKey,Cache:nINNoTarget,Cache:nINSparseTarget,Cache:nLNsEvicted,Cache:nLNsFetch,Cache:nLNsFetchMiss,Cache:nNodesEvicted,Cache:nNodesMovedToDirtyLRU,Cache:nNodesMutated,Cache:nNodesPutBack,Cache:nNodesSkipped,Cache:nNodesStripped,Cache:nNodesTargeted,Cache:nRootNodesEvicted,Cache:nSharedCacheEnvironments,Cache:nThreadUnavailable,Cache:nUpperINsFetch,Cache:nUpperINsFetchMiss,Cache:sharedCacheTotalBytes,Checkpoints:lastCheckpointEnd,Checkpoints:lastCheckpointId,Checkpoints:lastCheckpointInterval,Checkpoints:lastCheckpointStart,Checkpoints:nCheckpoints,Checkpoints:nDeltaINFlush,Checkpoints:nFullBINFlush,Checkpoints:nFullINFlush,Cleaning:cleanerBackLog,Cleaning:fileDeletionBacklog,Cleaning:lastKnownUtilization,Cleaning:lnSizeCorrectionFactor,Cleaning:nBINDeltasCleaned,Cleaning:nBINDeltasDead,Cleaning:nBINDeltasMigrated,Cleaning:nBINDeltasObsolete,Cleaning:nCleanerDeletions,Cleaning:nCleanerEntriesRead,Cleaning:nCleanerProbeRuns,Cleaning:nCleanerRuns,Cleaning:nClusterLNsProcessed,Cleaning:nINsCleaned,Cleaning:nINsDead,Cleaning:nINsMigrated,Cleaning:nINsObsolete,Cleaning:nLNQueueHits,Cleaning:nLNsCleaned,Cleaning:nLNsDead,Cleaning:nLNsLocked,Cleaning:nLNsMarked,Cleaning:nLNsMigrated,Cleaning:nLNsObsolete,Cleaning:nMarkLNsProcessed,Cleaning:nPendingLNsLocked,Cleaning:nPendingLNsProcessed,Cleaning:nRepeatIteratorReads,Cleaning:nToBeCleanedLNsProcessed,Cleaning:pendingLNQueueSize,Cleaning:totalLogSize,Environment:btreeRelatchesRequired,Environment:environmentCreationTime,I/O:bufferBytes,I/O:endOfLog,I/O:nBytesReadFromWriteQueue,I/O:nBytesWrittenFromWriteQueue,I/O:nCacheMiss,I/O:nFSyncRequests,I/O:nFSyncTime,I/O:nFSyncs,I/O:nFileOpens,I/O:nGroupCommitRequests,I/O:nGroupCommitWaits,I/O:nGrpCommitTimeouts,I/O:nLogBuffers,I/O:nLogFSyncs,I/O:nLogIntervalExceeded,I/O:nLogMaxGroupCommitThreshold,I/O:nNoFreeBuffer,I/O:nNotResident,I/O:nOpenFiles,I/O:nRandomReadBytes,I/O:nRandomReads,I/O:nRandomWriteBytes,I/O:nRandomWrites,I/O:nReadsFromWriteQueue,I/O:nRepeatFaultReads,I/O:nSequentialReadBytes,I/O:nSequentialReads,I/O:nSequentialWriteBytes,I/O:nSequentialWrites,I/O:nTempBufferWrites,I/O:nWriteQueueOverflow,I/O:nWriteQueueOverflowFailures,I/O:nWritesFromWriteQueue,Jvm:PS MarkSweep.count,Jvm:PS MarkSweep.time,Jvm:PS Scavenge.count,Jvm:PS Scavenge.time,Jvm:heap,Jvm:loadAverage,Locks:nLatchAcquireNoWaitUnsuccessful,Locks:nLatchAcquiresNoWaitSuccessful,Locks:nLatchAcquiresNoWaiters,Locks:nLatchAcquiresSelfOwned,Locks:nLatchAcquiresWithContention,Locks:nLatchReleases,Locks:nRequests,Locks:nWaits,Node Compression:cursorsBins,Node Compression:dbClosedBins,Node Compression:inCompQueueSize,Node Compression:nonEmptyBins,Node Compression:processedBins,Node Compression:splitBins,Op:cursorDelete,Op:cursorGetCurrent,Op:cursorGetFirst,Op:cursorGetLast,Op:cursorGetNext,Op:cursorGetNextDup,Op:cursorGetNextNoDup,Op:cursorGetPrev,Op:cursorGetPrevDup,Op:cursorGetPrevNoDup,Op:cursorPut,Op:cursorPutCurrent,Op:cursorPutNoDupData,Op:cursorPutNoOverwrite,Op:dbDelete,Op:dbGet,Op:dbGetSearchBoth,Op:dbPut,Op:dbPutNoDupData,Op:dbPutNoOverWrite,Op:dbRemoveSequence,Op:dosCursorGetNext,Op:secondaryCursorDelete,Op:secondaryCursorGetCurrent,Op:secondaryCursorGetFirst,Op:secondaryCursorGetLast,Op:secondaryCursorGetNext,Op:secondaryCursorGetNextDup,Op:secondaryCursorGetNextNoDup,Op:secondaryCursorGetPrev,Op:secondaryCursorGetPrevDup,Op:secondaryCursorGetPrevNoDup,Op:secondaryDbDelete,Op:secondaryDbGet,Op:secondaryDbGetSearchBoth
2014-10-26 17:31:03.995 UTC,125,3157117,696,11264,0,0,0,0,0.0,0,0,0,0,0,0,0,3,3,0,0,0,1,5,0,0,0,0,0,0,0,0,0,0,0,0,0,0,0,0,945,1,369,369,1,0,2,4,0,0,46,NaN,0,0,0,0,0,0,0,0,0,0,0,0,0,0,0,0,0,0,0,0,0,0,0,0,0,0,0,0,1414344663563,3145728,0,0,0,0,2,77,2,2,2,0,0,3,3,0,0,0,0,0,0,0,38,1,0,0,2048,1,956,2,0,0,0,0,0,0,1,19,40108832,0,0,0,0,0,0,0,3,0,0,0,0,0,0,0,0,0,0,0,0,0,0,0,0,0,0,0,0,0,0,0,0,0,0,0,0,0,0,0,0,0,0,0,0,0,0,0,0,0,0
2014-10-26 17:31:15.087 UTC,589,3171381,928,25064,0,0,118,0,0.0,0,0,0,0,0,0,0,4,4,0,0,0,1,6,0,23,0,0,0,0,0,0,0,0,0,0,0,0,0,0,945,1,369,369,0,0,0,0,0,0,46,NaN,0,0,0,0,0,0,0,0,0,0,0,0,0,0,0,0,0,0,0,0,0,0,0,0,0,0,0,0,1414344663563,3145728,0,0,0,0,25,1115,25,2,25,0,0,3,25,0,0,0,0,0,0,0,0,0,0,0,4096,2,9007,25,0,0,0,0,0,0,8,94,82601640,0,0,0,0,0,0,0,119,0,0,0,0,0,0,0,0,0,0,0,0,0,0,0,0,0,69,0,0,0,0,24,0,0,0,1,0,0,0,0,0,0,0,0,0,0,0,0,0,0,0
2014-10-26 17:32:13.682 UTC,125,3157765,928,11912,0,0,14,3,0.21428572,0,0,0,0,0,0,0,3,3,2,0,2,1,5,0,10,4,0,0,0,0,0,0,0,0,0,0,0,0,0,12396,2,0,10102,0,0,0,0,0,0,73,NaN,0,0,0,0,0,0,0,0,0,0,0,0,0,0,0,0,0,0,0,0,0,0,0,0,0,0,0,0,1414344733336,3145728,0,0,0,12,0,0,0,2,0,0,0,3,0,0,0,0,12,0,2048,1,0,0,0,0,92160,21,0,0,0,0,0,0,0,0,1,18,40695752,0,0,0,0,0,0,0,8,0,0,0,0,0,0,0,0,0,0,0,0,0,0,0,0,0,0,0,0,0,0,0,0,0,0,0,0,0,0,0,0,0,0,0,0,0,0,0,0,0,0
2014-10-26 17:32:18.809 UTC,125,3169725,928,23872,0,0,31,1,0.032258064,0,0,0,0,0,0,0,4,4,0,0,3,1,6,0,31,30,0,0,0,0,0,0,0,0,0,0,0,0,0,12396,2,0,10102,0,0,0,0,0,0,73,NaN,0,0,0,0,0,0,0,0,0,0,0,0,0,0,0,0,0,0,0,0,0,0,0,0,0,0,0,0,1414344733336,3145728,0,0,0,32,0,0,0,1,0,0,0,3,0,0,0,0,32,1,0,0,0,0,0,0,67584,33,0,0,0,0,0,0,0,0,4,51,82357272,0,0,0,0,0,0,0,32,0,0,0,0,0,0,0,0,0,0,0,0,0,0,0,0,0,0,0,0,0,0,29,0,0,0,0,0,0,0,0,0,0,0,0,0,0,0,0,0,0,0
2014-10-26 17:33:50.573 UTC,125,3157765,928,11912,0,0,14,3,0.21428572,0,0,0,0,0,0,0,3,3,2,0,2,1,5,0,10,4,0,0,0,0,0,0,0,0,0,0,0,0,0,12396,2,0,10102,0,0,0,0,0,0,73,NaN,0,0,0,0,0,0,0,0,0,0,0,0,0,0,0,0,0,0,0,0,0,0,0,0,0,0,0,0,1414344830213,3145728,0,0,0,12,0,0,0,2,0,0,0,3,0,0,0,0,12,0,2048,1,0,0,0,0,92160,21,0,0,0,0,0,0,0,0,1,17,28763496,0,0,0,0,0,0,0,8,0,0,0,0,0,0,0,0,0,0,0,0,0,0,0,0,0,0,0,0,0,0,0,0,0,0,0,0,0,0,0,0,0,0,0,0,0,0,0,0,0,0
2014-10-26 17:33:55.058 UTC,125,3169725,928,23872,0,0,31,1,0.032258064,0,0,0,0,0,0,0,4,4,0,0,3,1,6,0,31,30,0,0,0,0,0,0,0,0,0,0,0,0,0,12396,2,0,10102,0,0,0,0,0,0,73,NaN,0,0,0,0,0,0,0,0,0,0,0,0,0,0,0,0,0,0,0,0,0,0,0,0,0,0,0,0,1414344830213,3145728,0,0,0,32,0,0,0,1,0,0,0,3,0,0,0,0,32,1,0,0,0,0,0,0,67584,33,0,0,0,0,0,0,0,0,4,52,72558064,0,0,0,0,0,0,0,32,0,0,0,0,0,0,0,0,0,0,0,0,0,0,0,0,0,0,0,0,0,0,29,0,0,0,0,0,0,0,0,0,0,0,0,0,0,0,0,0,0,0
2014-10-26 17:39:05.387 UTC,125,3157765,928,11912,0,0,14,3,0.21428572,0,0,0,0,0,0,0,3,3,2,0,2,1,5,0,10,4,0,0,0,0,0,0,0,0,0,0,0,0,0,12396,2,0,10102,0,0,0,0,0,0,73,NaN,0,0,0,0,0,0,0,0,0,0,0,0,0,0,0,0,0,0,0,0,0,0,0,0,0,0,0,0,1414345145063,3145728,0,0,0,12,0,0,0,2,0,0,0,3,0,0,0,0,12,0,2048,1,0,0,0,0,92160,21,0,0,0,0,0,0,0,0,1,23,44899568,0,0,0,0,0,0,0,8,0,0,0,0,0,0,0,0,0,0,0,0,0,0,0,0,0,0,0,0,0,0,0,0,0,0,0,0,0,0,0,0,0,0,0,0,0,0,0,0,0,0
2014-10-26 17:39:11.330 UTC,125,3169725,928,23872,0,0,31,1,0.032258064,0,0,0,0,0,0,0,4,4,0,0,3,1,6,0,31,30,0,0,0,0,0,0,0,0,0,0,0,0,0,12396,2,0,10102,0,0,0,0,0,0,73,NaN,0,0,0,0,0,0,0,0,0,0,0,0,0,0,0,0,0,0,0,0,0,0,0,0,0,0,0,0,1414345145063,3145728,0,0,0,32,0,0,0,1,0,0,0,3,0,0,0,0,32,1,0,0,0,0,0,0,67584,33,0,0,0,0,0,0,0,0,1,22,55130496,0,0,0,0,0,0,0,32,0,0,0,0,0,0,0,0,0,0,0,0,0,0,0,0,0,0,0,0,0,0,29,0,0,0,0,0,0,0,0,0,0,0,0,0,0,0,0,0,0,0
2014-10-26 17:43:38.066 UTC,125,3157765,928,11912,0,0,14,3,0.21428572,0,0,0,0,0,0,0,3,3,2,0,2,1,5,0,10,4,0,0,0,0,0,0,0,0,0,0,0,0,0,12396,2,0,10102,0,0,0,0,0,0,73,NaN,0,0,0,0,0,0,0,0,0,0,0,0,0,0,0,0,0,0,0,0,0,0,0,0,0,0,0,0,1414345417691,3145728,0,0,0,12,0,0,0,2,0,0,0,3,0,0,0,0,12,0,2048,1,0,0,0,0,92160,21,0,0,0,0,0,0,0,0,1,21,40673928,0,0,0,0,0,0,0,8,0,0,0,0,0,0,0,0,0,0,0,0,0,0,0,0,0,0,0,0,0,0,0,0,0,0,0,0,0,0,0,0,0,0,0,0,0,0,0,0,0,0
2014-10-26 17:43:42.383 UTC,125,3169725,928,23872,0,0,31,1,0.032258064,0,0,0,0,0,0,0,4,4,0,0,3,1,6,0,31,30,0,0,0,0,0,0,0,0,0,0,0,0,0,12396,2,0,10102,0,0,0,0,0,0,73,NaN,0,0,0,0,0,0,0,0,0,0,0,0,0,0,0,0,0,0,0,0,0,0,0,0,0,0,0,0,1414345417691,3145728,0,0,0,32,0,0,0,1,0,0,0,3,0,0,0,0,32,1,0,0,0,0,0,0,67584,33,0,0,0,0,0,0,0,0,4,61,157391568,0,0,0,0,0,0,0,32,0,0,0,0,0,0,0,0,0,0,0,0,0,0,0,0,0,0,0,0,0,0,29,0,0,0,0,0,0,0,0,0,0,0,0,0,0,0,0,0,0,0
2014-10-26 17:45:19.798 UTC,125,3157765,928,11912,0,0,14,3,0.21428572,0,0,0,0,0,0,0,3,3,2,0,2,1,5,0,10,4,0,0,0,0,0,0,0,0,0,0,0,0,0,12396,2,0,10102,0,0,0,0,0,0,73,NaN,0,0,0,0,0,0,0,0,0,0,0,0,0,0,0,0,0,0,0,0,0,0,0,0,0,0,0,0,1414345519471,3145728,0,0,0,12,0,0,0,2,0,0,0,3,0,0,0,0,12,0,2048,1,0,0,0,0,92160,21,0,0,0,0,0,0,0,0,1,16,44844368,0,0,0,0,0,0,0,8,0,0,0,0,0,0,0,0,0,0,0,0,0,0,0,0,0,0,0,0,0,0,0,0,0,0,0,0,0,0,0,0,0,0,0,0,0,0,0,0,0,0
2014-10-26 17:45:27.199 UTC,125,3169725,928,23872,0,0,31,1,0.032258064,0,0,0,0,0,0,0,4,4,0,0,3,1,6,0,31,30,0,0,0,0,0,0,0,0,0,0,0,0,0,12396,2,0,10102,0,0,0,0,0,0,73,NaN,0,0,0,0,0,0,0,0,0,0,0,0,0,0,0,0,0,0,0,0,0,0,0,0,0,0,0,0,1414345519471,3145728,0,0,0,32,0,0,0,1,0,0,0,3,0,0,0,0,32,1,0,0,0,0,0,0,67584,33,0,0,0,0,0,0,0,0,4,67,85745472,0,0,0,0,0,0,0,32,0,0,0,0,0,0,0,0,0,0,0,0,0,0,0,0,0,0,0,0,0,0,29,0,0,0,0,0,0,0,0,0,0,0,0,0,0,0,0,0,0,0
2014-10-26 17:50:25.270 UTC,125,3157765,928,11912,0,0,14,3,0.21428572,0,0,0,0,0,0,0,3,3,2,0,2,1,5,0,10,4,0,0,0,0,0,0,0,0,0,0,0,0,0,12396,2,0,10102,0,0,0,0,0,0,73,NaN,0,0,0,0,0,0,0,0,0,0,0,0,0,0,0,0,0,0,0,0,0,0,0,0,0,0,0,0,1414345824921,3145728,0,0,0,12,0,0,0,2,0,0,0,3,0,0,0,0,12,0,2048,1,0,0,0,0,92160,21,0,0,0,0,0,0,0,0,1,18,41189968,0,0,0,0,0,0,0,8,0,0,0,0,0,0,0,0,0,0,0,0,0,0,0,0,0,0,0,0,0,0,0,0,0,0,0,0,0,0,0,0,0,0,0,0,0,0,0,0,0,0
2014-10-26 17:50:32.403 UTC,125,3169725,928,23872,0,0,31,1,0.032258064,0,0,0,0,0,0,0,4,4,0,0,3,1,6,0,31,30,0,0,0,0,0,0,0,0,0,0,0,0,0,12396,2,0,10102,0,0,0,0,0,0,73,NaN,0,0,0,0,0,0,0,0,0,0,0,0,0,0,0,0,0,0,0,0,0,0,0,0,0,0,0,0,1414345824921,3145728,0,0,0,32,0,0,0,1,0,0,0,3,0,0,0,0,32,1,0,0,0,0,0,0,67584,33,0,0,0,0,0,0,0,0,6,82,91623080,0,0,0,0,0,0,0,32,0,0,0,0,0,0,0,0,0,0,0,0,0,0,0,0,0,0,0,0,0,0,29,0,0,0,0,0,0,0,0,0,0,0,0,0,0,0,0,0,0,0
2014-10-26 17:52:41.155 UTC,125,3157765,928,11912,0,0,14,3,0.21428572,0,0,0,0,0,0,0,3,3,2,0,2,1,5,0,10,4,0,0,0,0,0,0,0,0,0,0,0,0,0,12396,2,0,10102,0,0,0,0,0,0,73,NaN,0,0,0,0,0,0,0,0,0,0,0,0,0,0,0,0,0,0,0,0,0,0,0,0,0,0,0,0,1414345960784,3145728,0,0,0,12,0,0,0,2,0,0,0,3,0,0,0,0,12,0,2048,1,0,0,0,0,92160,21,0,0,0,0,0,0,0,0,1,23,40732512,0,0,0,0,0,0,0,8,0,0,0,0,0,0,0,0,0,0,0,0,0,0,0,0,0,0,0,0,0,0,0,0,0,0,0,0,0,0,0,0,0,0,0,0,0,0,0,0,0,0
2014-10-26 17:52:45.874 UTC,125,3169725,928,23872,0,0,31,1,0.032258064,0,0,0,0,0,0,0,4,4,0,0,3,1,6,0,31,30,0,0,0,0,0,0,0,0,0,0,0,0,0,12396,2,0,10102,0,0,0,0,0,0,73,NaN,0,0,0,0,0,0,0,0,0,0,0,0,0,0,0,0,0,0,0,0,0,0,0,0,0,0,0,0,1414345960784,3145728,0,0,0,32,0,0,0,1,0,0,0,3,0,0,0,0,32,1,0,0,0,0,0,0,67584,33,0,0,0,0,0,0,0,0,3,43,85811104,0,0,0,0,0,0,0,32,0,0,0,0,0,0,0,0,0,0,0,0,0,0,0,0,0,0,0,0,0,0,29,0,0,0,0,0,0,0,0,0,0,0,0,0,0,0,0,0,0,0
2014-10-26 17:53:53.522 UTC,125,3157765,928,11912,0,0,14,3,0.21428572,0,0,0,0,0,0,0,3,3,2,0,2,1,5,0,10,4,0,0,0,0,0,0,0,0,0,0,0,0,0,12396,2,0,10102,0,0,0,0,0,0,73,NaN,0,0,0,0,0,0,0,0,0,0,0,0,0,0,0,0,0,0,0,0,0,0,0,0,0,0,0,0,1414346033169,3145728,0,0,0,12,0,0,0,2,0,0,0,3,0,0,0,0,12,0,2048,1,0,0,0,0,92160,21,0,0,0,0,0,0,0,0,1,16,41151296,0,0,0,0,0,0,0,8,0,0,0,0,0,0,0,0,0,0,0,0,0,0,0,0,0,0,0,0,0,0,0,0,0,0,0,0,0,0,0,0,0,0,0,0,0,0,0,0,0,0
2014-10-26 17:53:57.974 UTC,125,3169725,928,23872,0,0,31,1,0.032258064,0,0,0,0,0,0,0,4,4,0,0,3,1,6,0,31,30,0,0,0,0,0,0,0,0,0,0,0,0,0,12396,2,0,10102,0,0,0,0,0,0,73,NaN,0,0,0,0,0,0,0,0,0,0,0,0,0,0,0,0,0,0,0,0,0,0,0,0,0,0,0,0,1414346033169,3145728,0,0,0,32,0,0,0,1,0,0,0,3,0,0,0,0,32,1,0,0,0,0,0,0,67584,33,0,0,0,0,0,0,0,0,6,78,92305960,0,0,0,0,0,0,0,32,0,0,0,0,0,0,0,0,0,0,0,0,0,0,0,0,0,0,0,0,0,0,29,0,0,0,0,0,0,0,0,0,0,0,0,0,0,0,0,0,0,0
2014-10-26 17:58:46.016 UTC,125,3157765,928,11912,0,0,14,3,0.21428572,0,0,0,0,0,0,0,3,3,2,0,2,1,5,0,10,4,0,0,0,0,0,0,0,0,0,0,0,0,0,12396,2,0,10102,0,0,0,0,0,0,73,NaN,0,0,0,0,0,0,0,0,0,0,0,0,0,0,0,0,0,0,0,0,0,0,0,0,0,0,0,0,1414346325659,3145728,0,0,0,12,0,0,0,2,0,0,0,3,0,0,0,0,12,0,2048,1,0,0,0,0,92160,21,0,0,0,0,0,0,0,0,1,18,40658616,0,0,0,0,0,0,0,8,0,0,0,0,0,0,0,0,0,0,0,0,0,0,0,0,0,0,0,0,0,0,0,0,0,0,0,0,0,0,0,0,0,0,0,0,0,0,0,0,0,0
2014-10-26 17:58:51.339 UTC,125,3169725,928,23872,0,0,31,1,0.032258064,0,0,0,0,0,0,0,4,4,0,0,3,1,6,0,31,30,0,0,0,0,0,0,0,0,0,0,0,0,0,12396,2,0,10102,0,0,0,0,0,0,73,NaN,0,0,0,0,0,0,0,0,0,0,0,0,0,0,0,0,0,0,0,0,0,0,0,0,0,0,0,0,1414346325659,3145728,0,0,0,32,0,0,0,1,0,0,0,3,0,0,0,0,32,1,0,0,0,0,0,0,67584,33,0,0,0,0,0,0,0,0,4,50,79806944,0,0,0,0,0,0,0,32,0,0,0,0,0,0,0,0,0,0,0,0,0,0,0,0,0,0,0,0,0,0,29,0,0,0,0,0,0,0,0,0,0,0,0,0,0,0,0,0,0,0
2014-10-26 17:59:52.981 UTC,125,3157765,928,11912,0,0,14,3,0.21428572,0,0,0,0,0,0,0,3,3,2,0,2,1,5,0,10,4,0,0,0,0,0,0,0,0,0,0,0,0,0,12396,2,0,10102,0,0,0,0,0,0,73,NaN,0,0,0,0,0,0,0,0,0,0,0,0,0,0,0,0,0,0,0,0,0,0,0,0,0,0,0,0,1414346392652,3145728,0,0,0,12,0,0,0,2,0,0,0,3,0,0,0,0,12,0,2048,1,0,0,0,0,92160,21,0,0,0,0,0,0,0,0,1,13,33691632,0,0,0,0,0,0,0,8,0,0,0,0,0,0,0,0,0,0,0,0,0,0,0,0,0,0,0,0,0,0,0,0,0,0,0,0,0,0,0,0,0,0,0,0,0,0,0,0,0,0
2014-10-26 17:59:58.332 UTC,125,3169725,928,23872,0,0,31,1,0.032258064,0,0,0,0,0,0,0,4,4,0,0,3,1,6,0,31,30,0,0,0,0,0,0,0,0,0,0,0,0,0,12396,2,0,10102,0,0,0,0,0,0,73,NaN,0,0,0,0,0,0,0,0,0,0,0,0,0,0,0,0,0,0,0,0,0,0,0,0,0,0,0,0,1414346392652,3145728,0,0,0,32,0,0,0,1,0,0,0,3,0,0,0,0,32,1,0,0,0,0,0,0,67584,33,0,0,0,0,0,0,0,0,6,76,88391856,0,0,0,0,0,0,0,32,0,0,0,0,0,0,0,0,0,0,0,0,0,0,0,0,0,0,0,0,0,0,29,0,0,0,0,0,0,0,0,0,0,0,0,0,0,0,0,0,0,0
2014-10-26 18:01:19.771 UTC,125,3157765,928,11912,0,0,14,3,0.21428572,0,0,0,0,0,0,0,3,3,2,0,2,1,5,0,10,4,0,0,0,0,0,0,0,0,0,0,0,0,0,12396,2,0,10102,0,0,0,0,0,0,73,NaN,0,0,0,0,0,0,0,0,0,0,0,0,0,0,0,0,0,0,0,0,0,0,0,0,0,0,0,0,1414346479452,3145728,0,0,0,12,0,0,0,2,0,0,0,3,0,0,0,0,12,0,2048,1,0,0,0,0,92160,21,0,0,0,0,0,0,0,0,1,31,44538152,0,0,0,0,0,0,0,8,0,0,0,0,0,0,0,0,0,0,0,0,0,0,0,0,0,0,0,0,0,0,0,0,0,0,0,0,0,0,0,0,0,0,0,0,0,0,0,0,0,0
2014-10-26 18:01:57.427 UTC,125,3169725,928,23872,0,0,42,1,0.023809524,0,0,0,0,0,0,0,4,4,0,0,3,1,6,0,42,41,0,0,0,0,0,0,0,0,0,0,0,0,0,12396,2,0,10102,0,0,0,0,0,0,73,NaN,0,0,0,0,0,0,0,0,0,0,0,0,0,0,0,0,0,0,0,0,0,0,0,0,0,0,0,0,1414346479452,3145728,0,0,0,43,0,0,0,1,0,0,0,3,0,0,0,0,43,1,0,0,0,0,0,0,90112,44,0,0,0,0,0,0,0,0,8,107,89086088,0,0,0,0,0,0,0,43,0,0,0,0,0,0,0,0,0,0,0,0,0,0,0,0,0,0,0,0,0,0,40,0,0,0,0,0,0,0,0,0,0,0,0,0,0,0,0,0,0,0
2014-10-26 18:02:07.923 UTC,125,3157765,928,11912,0,0,14,3,0.21428572,0,0,0,0,0,0,0,3,3,2,0,2,1,5,0,10,4,0,0,0,0,0,0,0,0,0,0,0,0,0,12396,2,0,10102,0,0,0,0,0,0,73,NaN,0,0,0,0,0,0,0,0,0,0,0,0,0,0,0,0,0,0,0,0,0,0,0,0,0,0,0,0,1414346527564,3145728,0,0,0,12,0,0,0,2,0,0,0,3,0,0,0,0,12,0,2048,1,0,0,0,0,92160,21,0,0,0,0,0,0,0,0,1,19,40698088,0,0,0,0,0,0,0,8,0,0,0,0,0,0,0,0,0,0,0,0,0,0,0,0,0,0,0,0,0,0,0,0,0,0,0,0,0,0,0,0,0,0,0,0,0,0,0,0,0,0
2014-10-26 18:02:18.170 UTC,125,3169725,928,23872,0,0,36,1,0.027777778,0,0,0,0,0,0,0,4,4,0,0,3,1,6,0,36,35,0,0,0,0,0,0,0,0,0,0,0,0,0,12396,2,0,10102,0,0,0,0,0,0,73,NaN,0,0,0,0,0,0,0,0,0,0,0,0,0,0,0,0,0,0,0,0,0,0,0,0,0,0,0,0,1414346527564,3145728,0,0,0,37,0,0,0,1,0,0,0,3,0,0,0,0,37,1,0,0,0,0,0,0,77824,38,0,0,0,0,0,0,0,0,4,54,91576016,0,0,0,0,0,0,0,37,0,0,0,0,0,0,0,0,0,0,0,0,0,0,0,0,0,0,0,0,0,0,34,0,0,0,0,0,0,0,0,0,0,0,0,0,0,0,0,0,0,0
